Site Name and Notes,,,,,,,,,,,,,,,,,,,,,,,,,,,,,,,,,,,,,,,,,,,,,,,,,,,,,,,,,,,,,,,,,,,,,,,,,,,,,,,,,,,,,,
,Site Name,Example,,,,,,,,,,,,,,,,,,,,,,,,,,,,,,,,,,,,,,,,,,,,,,,,,,,,,,,,,,,,,,,,,,,,,,,,,,,,,,,,,,,,
,Notes:,"This Input File Template can be used, but must be saved as a .csv file to be used by the R-program",,,,,,,,,,,,,,,,,,,,,,,,,,,,,,,,,,,,,,,,,,,,,,,,,,,,,,,,,,,,,,,,,,,,,,,,,,,,,,,,,,,,
,,Note:  All formatting will be lost when saving as a .csv file.,,,,,,,,,,,,,,,,,,,,,,,,,,,,,,,,,,,,,,,,,,,,,,,,,,,,,,,,,,,,,,,,,,,,,,,,,,,,,,,,,,,,
,,,,,,,,,,,,,,,,,,,,,,,,,,,,,,,,,,,,,,,,,,,,,,,,,,,,,,,,,,,,,,,,,,,,,,,,,,,,,,,,,,,,,,
,,,,,,,,,,,,,,,,,,,,,,,,,,,,,,,,,,,,,,,,,,,,,,,,,,,,,,,,,,,,,,,,,,,,,,,,,,,,,,,,,,,,,,
Total Area (sq meters) within each land use classification,,,,,,,,,,,,,,,,,,,,,,,,,,,,,,,,,,,,,,,,,,,,,,,,,,,,,,,,,,,,,,,,,,,,,,,,,,,,,,,,,,,,,,
Ak_x_Lqk: Land Cover by Site (Table 2-2),,,,,,,,,,,,,,,,,,,,,,,,,,,,,,,,,,,,,,,,,,,,,,,,,,,,,,,,,,,,,,,,,,,,,,,,,,,,,,,,,,,,,,
,LU_Classification,Ak_x_Lqk mean,sigma.r,sigma.t,sigma.s,Sigma,Future Ak_x_Lqk mean,Rate Parameter (lambda),,,,,,,,,,,,,,,,,,,,,,,,,,,,,,,,,,,,,,,,,,,,,,,,,,,,,,,,,,,,,,,,,,,,,,,,,,,,,,
,Forest,81355400,10000,8000,6000,4000,0,0,,,,,,,,,,,,,,,,,,,,,,,,,,,,,,,,,,,,,,,,,,,,,,,,,,,,,,,,,,,,,,,,,,,,,,,,,,,,,,
 ,LU2,0,0,0,0,0,0,0,,,,,,,,,,,,,,,,,,,,,,,,,,,,,,,,,,,,,,,,,,,,,,,,,,,,,,,,,,,,,,,,,,,,,,,,,,,,,,
,LU3,0,0,0,0,0,0,0,,,,,,,,,,,,,,,,,,,,,,,,,,,,,,,,,,,,,,,,,,,,,,,,,,,,,,,,,,,,,,,,,,,,,,,,,,,,,,
,LU4,0,0,0,0,0,0,0,,,,,,,,,,,,,,,,,,,,,,,,,,,,,,,,,,,,,,,,,,,,,,,,,,,,,,,,,,,,,,,,,,,,,,,,,,,,,,
,LU5,0,0,0,0,0,0,0,,,,,,,,,,,,,,,,,,,,,,,,,,,,,,,,,,,,,,,,,,,,,,,,,,,,,,,,,,,,,,,,,,,,,,,,,,,,,,
,LU6,0,0,0,0,0,0,0,,,,,,,,,,,,,,,,,,,,,,,,,,,,,,,,,,,,,,,,,,,,,,,,,,,,,,,,,,,,,,,,,,,,,,,,,,,,,,
,LU7,0,0,0,0,0,0,0,,,,,,,,,,,,,,,,,,,,,,,,,,,,,,,,,,,,,,,,,,,,,,,,,,,,,,,,,,,,,,,,,,,,,,,,,,,,,,
,LU8,0,0,0,0,0,0,0,,,,,,,,,,,,,,,,,,,,,,,,,,,,,,,,,,,,,,,,,,,,,,,,,,,,,,,,,,,,,,,,,,,,,,,,,,,,,,
,LU9,0,0,0,0,0,0,0,,,,,,,,,,,,,,,,,,,,,,,,,,,,,,,,,,,,,,,,,,,,,,,,,,,,,,,,,,,,,,,,,,,,,,,,,,,,,,
,LU10,0,0,0,0,0,0,0,,,,,,,,,,,,,,,,,,,,,,,,,,,,,,,,,,,,,,,,,,,,,,,,,,,,,,,,,,,,,,,,,,,,,,,,,,,,,,
,LU11,0,0,0,0,0,0,0,,,,,,,,,,,,,,,,,,,,,,,,,,,,,,,,,,,,,,,,,,,,,,,,,,,,,,,,,,,,,,,,,,,,,,,,,,,,,,
,LU12,0,0,0,0,0,0,0,,,,,,,,,,,,,,,,,,,,,,,,,,,,,,,,,,,,,,,,,,,,,,,,,,,,,,,,,,,,,,,,,,,,,,,,,,,,,,
,,,,,,,,,,,,,,,,,,,,,,,,,,,,,,,,,,,,,,,,,,,,,,,,,,,,,,,,,,,,,,,,,,,,,,,,,,,,,,,,,,,,,,
,,,,,,,,,,,,,,,,,,,,,,,,,,,,,,,,,,,,,,,,,,,,,,,,,,,,,,,,,,,,,,,,,,,,,,,,,,,,,,,,,,,,,,
,,,,,,,,,,,,,,,,,,,,,,,,,,,,,,,,,,,,,,,,,,,,,,,,,,,,,,,,,,,,,,,,,,,,,,,,,,,,,,,,,,,,,,
Proportion of Each Defined Habitat Type in Each Land Use Classification,,,,,,,,,,,,,,,,,,,,,,,,,,,,,,,,,,,,,,,,,,,,,,,,,,,,,,,,,,,,,,,,,,,,,,,,,,,,,,,,,,,,,,
,"Table 2_3 (M[j,q])",,,,,,,,,,,,,Stochasticity  Inputs,,,,Future Targets,,,,,,,,,,,,Rate Param,,,,,,,,,,,,,,,,,,,,,,,,,,,,,,,,,,,,,,,,,,,,,,,,,,,,,,,,
,LU_Classification,Depositional,Source,Transport,HT4,HT5,HT6,HT7,HT8,HT9,HT10,HT11,HT12,Alpha.R,Alpha.T,Alpha.S,Alpha,Depositional,Source,Transport,HT4,HT5,HT6,HT7,HT8,HT9,HT10,HT11,HT12,Lambda,,,,,,,,,,,,,,,,,,,,,,,,,,,,,,,,,,,,,,,,,,,,,,,,,,,,,,,,
,Forest,0.89,0,0.11,0,0,0,0,0,0,0,0,0,565,645,4565,455,0,0,0,0,0,0,0,0,0,0,0,0,0,,,,,,,,,,,,,,,,,,,,,,,,,,,,,,,,,,,,,,,,,,,,,,,,,,,,,,,,
,LU2,0,0,0,0,0,0,0,0,0,0,0,0,9999,9999,9999,9999,0,0,0,0,0,0,0,0,0,0,0,0,0,,,,,,,,,,,,,,,,,,,,,,,,,,,,,,,,,,,,,,,,,,,,,,,,,,,,,,,,
,LU3,0,0,0,0,0,0,0,0,0,0,0,0,9999,9999,9999,9999,0,0,0,0,0,0,0,0,0,0,0,0,0,,,,,,,,,,,,,,,,,,,,,,,,,,,,,,,,,,,,,,,,,,,,,,,,,,,,,,,,
,LU4,0,0,0,0,0,0,0,0,0,0,0,0,9999,9999,9999,9999,0,0,0,0,0,0,0,0,0,0,0,0,0,,,,,,,,,,,,,,,,,,,,,,,,,,,,,,,,,,,,,,,,,,,,,,,,,,,,,,,,
,LU5,0,0,0,0,0,0,0,0,0,0,0,0,9999,9999,9999,9999,0,0,0,0,0,0,0,0,0,0,0,0,0,,,,,,,,,,,,,,,,,,,,,,,,,,,,,,,,,,,,,,,,,,,,,,,,,,,,,,,,
,LU6,0,0,0,0,0,0,0,0,0,0,0,0,9999,9999,9999,9999,0,0,0,0,0,0,0,0,0,0,0,0,0,,,,,,,,,,,,,,,,,,,,,,,,,,,,,,,,,,,,,,,,,,,,,,,,,,,,,,,,
,LU7,0,0,0,0,0,0,0,0,0,0,0,0,9999,9999,9999,9999,0,0,0,0,0,0,0,0,0,0,0,0,0,,,,,,,,,,,,,,,,,,,,,,,,,,,,,,,,,,,,,,,,,,,,,,,,,,,,,,,,
,LU8,0,0,0,0,0,0,0,0,0,0,0,0,9999,9999,9999,9999,0,0,0,0,0,0,0,0,0,0,0,0,0,,,,,,,,,,,,,,,,,,,,,,,,,,,,,,,,,,,,,,,,,,,,,,,,,,,,,,,,
,LU9,0,0,0,0,0,0,0,0,0,0,0,0,9999,9999,9999,9999,0,0,0,0,0,0,0,0,0,0,0,0,0,,,,,,,,,,,,,,,,,,,,,,,,,,,,,,,,,,,,,,,,,,,,,,,,,,,,,,,,
,LU10,0,0,0,0,0,0,0,0,0,0,0,0,9999,9999,9999,9999,0,0,0,0,0,0,0,0,0,0,0,0,0,,,,,,,,,,,,,,,,,,,,,,,,,,,,,,,,,,,,,,,,,,,,,,,,,,,,,,,,
,LU11,0,0,0,0,0,0,0,0,0,0,0,0,9999,9999,9999,9999,0,0,0,0,0,0,0,0,0,0,0,0,0,,,,,,,,,,,,,,,,,,,,,,,,,,,,,,,,,,,,,,,,,,,,,,,,,,,,,,,,
,LU12,0,0,0,0,0,0,0,0,0,0,0,0,9999,9999,9999,9999,0,0,0,0,0,0,0,0,0,0,0,0,0,,,,,,,,,,,,,,,,,,,,,,,,,,,,,,,,,,,,,,,,,,,,,,,,,,,,,,,,
,,,,,,,,,,,,,,,,,,,,,,,,,,,,,,,,,,,,,,,,,,,,,,,,,,,,,,,,,,,,,,,,,,,,,,,,,,,,,,,,,,,,,,
"Table 2.4.  Mean Capacity Estimates by Habitat Type (D, individuals per sq. m)",,,,,,,,,,,,,,,,,,,,,,,,,,,,,,,,,,,,,,,,,,,,,,,,,,,,,,,,,,,,,,,,,,,,,,,,,,,,,,,,,,,,,,
,,Means,,,,,Uncertainty (run-run standard deviation),,,,,SigmaT.Year,,,,,SigmaT.Site,,,,,Sigma within site,,,,,,,,,,,,,,,,,,,,,,,,,,,,,,,,,,,,,,,,,,,,,,,,,,,,,,,,,,,,,,,,
,,mu,mu,mu,mu,mu,sigma.r,sigma.r,sigma.r,sigma.r,sigma.r,sigma.t,sigma.t,sigma.t,sigma.t,sigma.t,sigma.s,sigma.s,sigma.s,sigma.s,sigma.s,sigma,sigma,sigma,sigma,sigma,Future Capacity Target,,,,,Capacity Change Rate Parameter,,,,,,,,,,,,,,,,,,,,,,,,,,,,,,,,,,,,,,,,,,,,,,,,,,,,,,
,Habitat Type,egg,Fry,Parr,Pre-Smolt,Smolt,Egg,Fry,Parr,Pre-Smolt,Smolt,Egg,Fry,Parr,Pre-Smolt,Smolt,Egg,Fry,Parr,Pre-Smolt,Smolt,Egg,Fry,Parr,Pre-Smolt,Smolt,Egg,Fry,Parr,Pre-Smolt,Smolt,Egg,Fry,Parr,Pre-Smolt,Smolt,,,,,,,,,,,,,,,,,,,,,,,,,,,,,,,,,,,,,,,,,,,,,,,,,,
,Depositional,252.28,1.05,1.08,0.4,0.25,12.61,0.15,0.09,0.04,0.05,1.26,0.02,0.01,0,0.01,0.38,0,0,0,0,0.11,0,0,0,0,0,0,0,0,0,0,0,0,0,0,,,,,,,,,,,,,,,,,,,,,,,,,,,,,,,,,,,,,,,,,,,,,,,,,,
,Source,0,0,0,0,0,12.61,0.15,0.09,0.04,0.05,1.26,0.02,0.01,0,0.01,0.38,0,0,0,0,0.11,0,0,0,0,0,0,0,0,0,0,0,0,0,0,,,,,,,,,,,,,,,,,,,,,,,,,,,,,,,,,,,,,,,,,,,,,,,,,,
,Transport,252.28,1.05,1.08,0.4,0.25,12.61,0.15,0.09,0.04,0.05,1.26,0.02,0.01,0,0.01,0.38,0,0,0,0,0.11,0,0,0,0,0,0,0,0,0,0,0,0,0,0,,,,,,,,,,,,,,,,,,,,,,,,,,,,,,,,,,,,,,,,,,,,,,,,,,
,HT4,0,0,0,0,0,0,0,0,0,0,0,0,0,0,0,0,0,0,0,0,0,0,0,0,0,0,0,0,0,0,0,0,0,0,0,,,,,,,,,,,,,,,,,,,,,,,,,,,,,,,,,,,,,,,,,,,,,,,,,,
,HT5,0,0,0,0,0,0,0,0,0,0,0,0,0,0,0,0,0,0,0,0,0,0,0,0,0,0,0,0,0,0,0,0,0,0,0,,,,,,,,,,,,,,,,,,,,,,,,,,,,,,,,,,,,,,,,,,,,,,,,,,
,HT6,0,0,0,0,0,0,0,0,0,0,0,0,0,0,0,0,0,0,0,0,0,0,0,0,0,0,0,0,0,0,0,0,0,0,0,,,,,,,,,,,,,,,,,,,,,,,,,,,,,,,,,,,,,,,,,,,,,,,,,,
,HT7,0,0,0,0,0,0,0,0,0,0,0,0,0,0,0,0,0,0,0,0,0,0,0,0,0,0,0,0,0,0,0,0,0,0,0,,,,,,,,,,,,,,,,,,,,,,,,,,,,,,,,,,,,,,,,,,,,,,,,,,
,HT8,0,0,0,0,0,0,0,0,0,0,0,0,0,0,0,0,0,0,0,0,0,0,0,0,0,0,0,0,0,0,0,0,0,0,0,,,,,,,,,,,,,,,,,,,,,,,,,,,,,,,,,,,,,,,,,,,,,,,,,,
,HT9,0,0,0,0,0,0,0,0,0,0,0,0,0,0,0,0,0,0,0,0,0,0,0,0,0,0,0,0,0,0,0,0,0,0,0,,,,,,,,,,,,,,,,,,,,,,,,,,,,,,,,,,,,,,,,,,,,,,,,,,
,HT10,0,0,0,0,0,0,0,0,0,0,0,0,0,0,0,0,0,0,0,0,0,0,0,0,0,0,0,0,0,0,0,0,0,0,0,,,,,,,,,,,,,,,,,,,,,,,,,,,,,,,,,,,,,,,,,,,,,,,,,,
,HT11,0,0,0,0,0,0,0,0,0,0,0,0,0,0,0,0,0,0,0,0,0,0,0,0,0,0,0,0,0,0,0,0,0,0,0,,,,,,,,,,,,,,,,,,,,,,,,,,,,,,,,,,,,,,,,,,,,,,,,,,
,HT12,0,0,0,0,0,0,0,0,0,0,0,0,0,0,0,0,0,0,0,0,0,0,0,0,0,0,0,0,0,0,0,0,0,0,0,,,,,,,,,,,,,,,,,,,,,,,,,,,,,,,,,,,,,,,,,,,,,,,,,,
,,,,,,,,,,,,,,,,,,,,,,,,,,,,,,,,,,,,,,,,,,,,,,,,,,,,,,,,,,,,,,,,,,,,,,,,,,,,,,,,,,,,,,
,,,,,,,,,,,,,,,,,,,,,,,,,,,,,,,,,,,,,,,,,,,,,,,,,,,,,,,,,,,,,,,,,,,,,,,,,,,,,,,,,,,,,,
"E[i,q] = productivity scalar for life stage i in land use type q",,,,,,,,,,,,,,,,,,,,,,,,,,,,,,,,,,,,,,,,,,,,,,,,,,,,,,,,,,,,,,,,,,,,,,,,,,,,,,,,,,,,,,
,,Means,,,,,Uncertainty (run-run standard deviation),,,,,SigmaT.Year,,,,,SigmaT.Site,,,,,SigmaT.SubSite,,,,,,,,,,,,,,,,,,,,,,,,,,,,,,,,,,,,,,,,,,,,,,,,,,,,,,,,,,,,,,,,
,,mu,mu,mu,mu,mu,sigma.r,sigma.r,sigma.r,sigma.r,sigma.r,sigma.t,sigma.t,sigma.t,sigma.t,sigma.t,sigma.s,sigma.s,sigma.s,sigma.s,sigma.s,sigma,sigma,sigma,sigma,sigma,Future Productivity Target,,,,,Capacity Change Rate Parameter,,,,,,,,,,,,,,,,,,,,,,,,,,,,,,,,,,,,,,,,,,,,,,,,,,,,,,
,LU_Classification,Egg,Fry,Parr,Pre-Smolt,Smolt,Egg,Fry,Parr,Pre-Smolt,Smolt,Egg,Fry,Parr,Pre-Smolt,Smolt,Egg,Fry,Parr,Pre-Smolt,Smolt,Egg,Fry,Parr,Pre-Smolt,Smolt,Egg,Fry,Parr,Pre-Smolt,Smolt,Egg,Fry,Parr,Pre-Smolt,Smolt,,,,,,,,,,,,,,,,,,,,,,,,,,,,,,,,,,,,,,,,,,,,,,,,,,
,Forest,1,1,1,1,1,0.003,0.01,0.01,0.01,0.01,0.01,0.01,0.01,0.01,0.01,0,0,0.003,0,0,0,0,0.0003,0,0,0,0,0,0,0,0,0,0,0,0,,,,,,,,,,,,,,,,,,,,,,,,,,,,,,,,,,,,,,,,,,,,,,,,,,
,LU2,1,1,1,1,1,0.01,0.01,0.01,0.01,0.01,0.01,0.01,0.01,0.01,0.01,0,0,0.003,0,0,0,0,0.0003,0,0,0,0,0,0,0,0,0,0,0,0,,,,,,,,,,,,,,,,,,,,,,,,,,,,,,,,,,,,,,,,,,,,,,,,,,
,LU3,1,1,1,1,1,0.01,0.01,0.01,0.01,0.01,0.01,0.01,0.01,0.01,0.01,0,0,0.003,0,0,0,0,0.0003,0,0,0,0,0,0,0,0,0,0,0,0,,,,,,,,,,,,,,,,,,,,,,,,,,,,,,,,,,,,,,,,,,,,,,,,,,
,LU4,1,1,1,1,1,0.01,0.01,0.01,0.01,0.01,0.01,0.01,0.01,0.01,0.01,0,0,0.003,0,0,0,0,0.0003,0,0,0,0,0,0,0,0,0,0,0,0,,,,,,,,,,,,,,,,,,,,,,,,,,,,,,,,,,,,,,,,,,,,,,,,,,
,LU5,1,1,1,1,1,0.01,0.01,0.01,0.01,0.01,0.01,0.01,0.01,0.01,0.01,0,0,0.003,0,0,0,0,0.0003,0,0,0,0,0,0,0,0,0,0,0,0,,,,,,,,,,,,,,,,,,,,,,,,,,,,,,,,,,,,,,,,,,,,,,,,,,
,LU6,1,1,1,1,1,0.01,0.01,0.01,0.01,0.01,0.01,0.01,0.01,0.01,0.01,0,0,0.003,0,0,0,0,0.0003,0,0,0,0,0,0,0,0,0,0,0,0,,,,,,,,,,,,,,,,,,,,,,,,,,,,,,,,,,,,,,,,,,,,,,,,,,
,LU7,1,1,1,1,1,0.01,0.01,0.01,0.01,0.01,0.01,0.01,0.01,0.01,0.01,0,0,0.003,0,0,0,0,0.0003,0,0,0,0,0,0,0,0,0,0,0,0,,,,,,,,,,,,,,,,,,,,,,,,,,,,,,,,,,,,,,,,,,,,,,,,,,
,LU8,1,1,1,1,1,0.01,0.01,0.01,0.01,0.01,0.01,0.01,0.01,0.01,0.01,0,0,0.003,0,0,0,0,0.0003,0,0,0,0,0,0,0,0,0,0,0,0,,,,,,,,,,,,,,,,,,,,,,,,,,,,,,,,,,,,,,,,,,,,,,,,,,
,LU9,1,1,1,1,1,0.01,0.01,0.01,0.01,0.01,0.01,0.01,0.01,0.01,0.01,0,0,0.003,0,0,0,0,0.0003,0,0,0,0,0,0,0,0,0,0,0,0,,,,,,,,,,,,,,,,,,,,,,,,,,,,,,,,,,,,,,,,,,,,,,,,,,
,LU10,1,1,1,1,1,0.01,0.01,0.01,0.01,0.01,0.01,0.01,0.01,0.01,0.01,0,0,0.003,0,0,0,0,0.0003,0,0,0,0,0,0,0,0,0,0,0,0,,,,,,,,,,,,,,,,,,,,,,,,,,,,,,,,,,,,,,,,,,,,,,,,,,
,LU11,1,1,1,1,1,0.01,0.01,0.01,0.01,0.01,0.01,0.01,0.01,0.01,0.01,0,0,0.003,0,0,0,0,0.0003,0,0,0,0,0,0,0,0,0,0,0,0,,,,,,,,,,,,,,,,,,,,,,,,,,,,,,,,,,,,,,,,,,,,,,,,,,
,LU12,1,1,1,1,1,0.01,0.01,0.01,0.01,0.01,0.01,0.01,0.01,0.01,0.01,0,0,0.003,0,0,0,0,0.0003,0,0,0,0,0,0,0,0,0,0,0,0,,,,,,,,,,,,,,,,,,,,,,,,,,,,,,,,,,,,,,,,,,,,,,,,,,
,,,,,,,,,,,,,,,,,,,,,,,,,,,,,,,,,,,,,,,,,,,,,,,,,,,,,,,,,,,,,,,,,,,,,,,,,,,,,,,,,,,,,,
,,,,,,,,,,,,,,,,,,,,,,,,,,,,,,,,,,,,,,,,,,,,,,,,,,,,,,,,,,,,,,,,,,,,,,,,,,,,,,,,,,,,,,
,,,,,,,,,,,,,,,,,,,,,,,,,,,,,,,,,,,,,,,,,,,,,,,,,,,,,,,,,,,,,,,,,,,,,,,,,,,,,,,,,,,,,,
Table 2_5:  Survival by Life Stage,,,,,,,,,,,,,,,,,,,,,,,,,,,,,,,,,,,,,,,,,,,,,,,,,,,,,,,,,,,,,,,,,,,,,,,,,,,,,,,,,,,,,,
,Life Stage,Life Stage,prob. Survival to Next Stage,AlphaR.N,AlphaT.N,AlphaS.N,Alpha.N,Future Target Survival,Rate Param,,,,,,,,,,,,,,,,,,,,,,,,,,,,,,,,,,,,,,,,,,,,,,,,,,,,,,,,,,,,,,,,,,,,,,,,,,,,,
,N[2],Spawner-Egg,0.73,99999,99,99999,99999,0,0,,,,,,,,,,,,,,,,,,,,,,,,,,,,,,,,,,,,,,,,,,,,,,,,,,,,,,,,,,,,,,,,,,,,,,,,,,,,,
,N[3],Egg-Fry,0.1,99999,99,99999,99999,0,0,,,,,,,,,,,,,,,,,,,,,,,,,,,,,,,,,,,,,,,,,,,,,,,,,,,,,,,,,,,,,,,,,,,,,,,,,,,,,
,N[4],to Parr,0.09,99999,999,99999,99999,0,0,,,,,,,,,,,,,,,,,,,,,,,,,,,,,,,,,,,,,,,,,,,,,,,,,,,,,,,,,,,,,,,,,,,,,,,,,,,,,
,N[5],to PreSmolt,-99,-99,-99,-99,-99,0,-99,See Table of PreSmolt Inputs,,,,,,,,,,,,,,,,,,,,,,,,,,,,,,,,,,,,,,,,,,,,,,,,,,,,,,,,,,,,,,,,,,,,,,,,,,,,
,N[6],to Smolt,0.58,99999,999,99999,99999,0,0,Dam Survival Rate == N6,,,,,,,,,,,,,,,,,,,,,,,,,,,,,,,,,,,,,,,,,,,,,,,,,,,,,,,,,,,,,,,,,,,,,,,,,,,,
,N[7],Adult Age 0,0.683,99999,99,99999,99999,0,0,,,,,,,,,,,,,,,,,,,,,,,,,,,,,,,,,,,,,,,,,,,,,,,,,,,,,,,,,,,,,,,,,,,,,,,,,,,,,
,N[8],Adult Age 1,0.25,99999,999,99999,99999,0,0,,,,,,,,,,,,,,,,,,,,,,,,,,,,,,,,,,,,,,,,,,,,,,,,,,,,,,,,,,,,,,,,,,,,,,,,,,,,,
,N[9],Adult Age 2,0.8,99999,999,99999,99999,0,0,,,,,,,,,,,,,,,,,,,,,,,,,,,,,,,,,,,,,,,,,,,,,,,,,,,,,,,,,,,,,,,,,,,,,,,,,,,,,
,N[10],Adult Age 3,0.8,99999,999,99999,99999,0,0,,,,,,,,,,,,,,,,,,,,,,,,,,,,,,,,,,,,,,,,,,,,,,,,,,,,,,,,,,,,,,,,,,,,,,,,,,,,,
,N[11],Adult Age 4,0,9999,9999,99999,99999,0,0,,,,,,,,,,,,,,,,,,,,,,,,,,,,,,,,,,,,,,,,,,,,,,,,,,,,,,,,,,,,,,,,,,,,,,,,,,,,,
,N[12],Adult Age 5,0,9999,9999,9999,9999,0,0,,,,,,,,,,,,,,,,,,,,,,,,,,,,,,,,,,,,,,,,,,,,,,,,,,,,,,,,,,,,,,,,,,,,,,,,,,,,,
,N[13],Adult Age 6,0,9999,9999,9999,9999,0,0,,,,,,,,,,,,,,,,,,,,,,,,,,,,,,,,,,,,,,,,,,,,,,,,,,,,,,,,,,,,,,,,,,,,,,,,,,,,,
,N[14],Adult Age 7,0,9999,9999,9999,9999,0,0,,,,,,,,,,,,,,,,,,,,,,,,,,,,,,,,,,,,,,,,,,,,,,,,,,,,,,,,,,,,,,,,,,,,,,,,,,,,,
,N[15],Adult Age 8,0,9999,9999,9999,9999,0,0,,,,,,,,,,,,,,,,,,,,,,,,,,,,,,,,,,,,,,,,,,,,,,,,,,,,,,,,,,,,,,,,,,,,,,,,,,,,,
,N[16],Adult Age 9,0,9999,9999,9999,9999,0,0,,,,,,,,,,,,,,,,,,,,,,,,,,,,,,,,,,,,,,,,,,,,,,,,,,,,,,,,,,,,,,,,,,,,,,,,,,,,,
,N[17],Adult Age 10,0,1000,9999,9999,9999,0,0,,,,,,,,,,,,,,,,,,,,,,,,,,,,,,,,,,,,,,,,,,,,,,,,,,,,,,,,,,,,,,,,,,,,,,,,,,,,,
,,,,,,,,,,,,,,,,,,,,,,,,,,,,,,,,,,,,,,,,,,,,,,,,,,,,,,,,,,,,,,,,,,,,,,,,,,,,,,,,,,,,,,
,,,,,,,,,,,,,,,,,,,,,,,,,,,,,,,,,,,,,,,,,,,,,,,,,,,,,,,,,,,,,,,,,,,,,,,,,,,,,,,,,,,,,,
Pre-smolt Inputs,,,,,,,,,,,,,,,,,,,,,,,,,,,,,,,,,,,,,,,,,,,,,,,,,,,,,,,,,,,,,,,,,,,,,,,,,,,,,,,,,,,,,,
,,Probability of Survival,,,,,"Probability of Smolting, Spawning, or Staying as Presmolt",,,,,,,,,,,,,,Pre-Smolt capacity scalar,,,,,Pre-Smolt Suvival Trends,,"Pre-Smolt Probability of smolt, Stay, or Spawn Trend",,,,,,,,Pre-Smolt Capacity Scalar Trend,,,,,,,,,,,,,,,,,,,,,,,,,,,,,,,,,,,,,,,,,,,,,,,,,,
,Year Spent in Site as Presmolt,SR5,AlphaR,AlphaT,AlphaS,Alpha,N5.Psmolt_Female,N5.Pspawn_Female,N5.Pstay_Female,Alpha_Female.R,Alpha_Female.T,Alpha_Female.S,Alpha_Female,N5.Psmolt_Male,N5.Pspawn_Male,N5.Pstay_Male,Alpha_Male.R,Alpha_Male.T,Alpha_Male.S,Alpha_Male,N5.Cap,N5.Cap.sigmaR,N5.Cap.sigmaT,N5.Cap.sigmaS,N5.Cap.sigma,SR5 Future Target,SR5 Change Rate Param,N5.Psmolt_Femae,N5.Pspawn_Female,N5.Pstay_Female,N5.Psmolt_Male,N5.Pspawn_Male,N5.Pstay_Male,Rate Parameter_Female,Rate Parameter_Male,N5.Cap future target,N5.Cap Rate Param,Fecundity of Resident Rainbow,,,,,,,,,,,,,,,,,,,,,,,,,,,,,,,,,,,,,,,,,,,,,,,,
,0,0.3,1,9999,999999,999999,0.9,0,0.1,99999,99999,99999,99999,0.9,0,0.9,9999,999999,999999,9999,1,0.03,0.01,0.01,0.01,0,0,0,0,0,0,0,0,0,0,0,0,400,,,,,,,,,,,,,,,,,,,,,,,,,,,,,,,,,,,,,,,,,,,,,,,,
,1,0.5,9999,9999,9999,9999,0.99,0,0.01,9999,9999,9999,9999,0.95,0,0.05,9999,9999,9999,9999,1,0.03,0.01,0.01,0.01,0,0,0,0,0,0,0,0,0,0,0,0,400,,,,,,,,,,,,,,,,,,,,,,,,,,,,,,,,,,,,,,,,,,,,,,,,
,2,0.5,9999,9999,9999,9999,1,0,0,9999,9999,9999,9999,1,0,0,9999,9999,9999,9999,1,0.03,0.01,0.01,0.01,0,0,0,0,0,0,0,0,0,0,0,0,400,,,,,,,,,,,,,,,,,,,,,,,,,,,,,,,,,,,,,,,,,,,,,,,,
,3,0,9999,9999,9999,9999,1,0,0,9999,9999,9999,9999,1,0,0,9999,9999,9999,9999,1,0.03,0.01,0.01,0.01,0,0,0,0,0,0,0,0,0,0,0,0,400,,,,,,,,,,,,,,,,,,,,,,,,,,,,,,,,,,,,,,,,,,,,,,,,
,4,0,9999,9999,9999,9999,1,0,0,9999,9999,9999,9999,1,0,0,9999,9999,9999,9999,1,0.03,0.01,0.01,0.01,0,0,0,0,0,0,0,0,0,0,0,0,400,,,,,,,,,,,,,,,,,,,,,,,,,,,,,,,,,,,,,,,,,,,,,,,,
,5,0,9999,9999,9999,9999,1,0,0,9999,9999,9999,9999,1,0,0,9999,9999,9999,9999,1,0.03,0.01,0.01,0.01,0,0,0,0,0,0,0,0,0,0,0,0,400,,,,,,,,,,,,,,,,,,,,,,,,,,,,,,,,,,,,,,,,,,,,,,,,
,6,0,9999,9999,9999,9999,1,0,0,9999,9999,9999,9999,1,0,0,9999,9999,9999,9999,1,0.03,0.01,0.01,0.01,0,0,0,0,0,0,0,0,0,0,0,0,400,,,,,,,,,,,,,,,,,,,,,,,,,,,,,,,,,,,,,,,,,,,,,,,,
,7,0,9999,9999,9999,9999,1,0,0,9999,9999,9999,9999,1,0,0,9999,9999,9999,9999,1,0.03,0.01,0.01,0.01,0,0,0,0,0,0,0,0,0,0,0,0,400,,,,,,,,,,,,,,,,,,,,,,,,,,,,,,,,,,,,,,,,,,,,,,,,
,8,0,9999,9999,9999,9999,1,0,0,9999,9999,9999,9999,1,0,0,9999,9999,9999,9999,1,0.03,0.01,0.01,0.01,0,0,0,0,0,0,0,0,0,0,0,0,400,,,,,,,,,,,,,,,,,,,,,,,,,,,,,,,,,,,,,,,,,,,,,,,,
,9,0,9999,9999,9999,9999,1,0,0,9999,9999,9999,9999,1,0,0,9999,9999,9999,9999,1,0.03,0.01,0.01,0.01,0,0,0,0,0,0,0,0,0,0,0,0,400,,,,,,,,,,,,,,,,,,,,,,,,,,,,,,,,,,,,,,,,,,,,,,,,
,,,,,,,,,,,,,,,,,,,,,,,,,,,,,,,,,,,,,,,,,,,,,,,,,,,,,,,,,,,,,,,,,,,,,,,,,,,,,,,,,,,,,,
,,,,,,,,,,,,,,,,,,,,,,,,,,,,,,,,,,,,,,,,,,,,,,,,,,,,,,,,,,,,,,,,,,,,,,,,,,,,,,,,,,,,,,
"Adult Salmon: Return to Spawn Probabilties, Fecundity, and Ocean Capacity",,,,,,,,,,,,,,,,,,,,,,,,,,,,,,,,,,,,,,,,,,,,,,,,,,,,,,,,,,,,,,,,,,,,,,,,,,,,,,,,,,,,,,
,,,,Spawn Probability Uncertainty,,,,,,,,,Ocean Capacity,,,,,Spawning Probability - Future Target,,,,Ocean Capacity - Future Target,,,,,,,,,,,,,,,,,,,,,,,,,,,,,,,,,,,,,,,,,,,,,,,,,,,,,,,,,,,,,,,,
,Life Stage,Ocean Age,Return to Spawn Probability_Females,AlphaR_Female,AlphaT_Female,AlphaS_Female,Alpha_Female,Return to Spawn Probability_Male,AlphaR_Male,AlphaT_Male,AlphaS_Male,Alpha_Male,O[i-7],SigmaR,SigmaT,SigmaS,Sigma,Return to Spawn Probability-Target_Female,Rate Param_Female,Return to Spawn Probability-Target_Female,Rate Param_Female,O[i-7]-Target,Rate Param,,,,,,,,,,,,,,,,,,,,,,,,,,,,,,,,,,,,,,,,,,,,,,,,,,,,,,,,,,,,,,,
,N[8],1,0,99999,99999,99999,999999,0.08,99999,99999,99999,999999,1000000,30,90,80,87,0,0,0,0,0,0,,,,,,,,,,,,,,,,,,,,,,,,,,,,,,,,,,,,,,,,,,,,,,,,,,,,,,,,,,,,,,,
,N[9],2,0.69,99999,99999,99999,999999,0.69,99999,99999,99999,999999,1000000,30,90,80,87,0,0,0,0,0,0,,,,,,,,,,,,,,,,,,,,,,,,,,,,,,,,,,,,,,,,,,,,,,,,,,,,,,,,,,,,,,,
,N[10],3,1,99999,99999,99999,999999,1,99999,99999,99999,999999,1000000,30,90,80,87,0,0,0,0,0,0,,,,,,,,,,,,,,,,,,,,,,,,,,,,,,,,,,,,,,,,,,,,,,,,,,,,,,,,,,,,,,,
,N[11],4,0,9999,9999,9999,9999,0,9999,9999,9999,9999,1000000,30,90,80,87,0,0,0,0,0,0,,,,,,,,,,,,,,,,,,,,,,,,,,,,,,,,,,,,,,,`,,,,,,,,,,,,,,,,,,,,,,,,
,N[12],5,0,9999,9999,9999,9999,0,9999,9999,9999,9999,1000000,30,90,80,87,0,0,0,0,0,0,,,,,,,,,,,,,,,,,,,,,,,,,,,,,,,,,,,,,,,,,,,,,,,,,,,,,,,,,,,,,,,
,N[13],6,0,9999,9999,9999,9999,0,9999,9999,9999,9999,1000000,30,90,80,87,0,0,0,0,0,0,,,,,,,,,,,,,,,,,,,,,,,,,,,,,,,,,,,,,,,,,,,,,,,,,,,,,,,,,,,,,,,
,N[14],7,0,9999,9999,9999,9999,0,9999,9999,9999,9999,1000000,30,90,80,87,0,0,0,0,0,0,,,,,,,,,,,,,,,,,,,,,,,,,,,,,,,,,,,,,,,,,,,,,,,,,,,,,,,,,,,,,,,
,N[15],8,0,9999,9999,9999,9999,0,9999,9999,9999,9999,1000000,30,90,80,87,0,0,0,0,0,0,,,,,,,,,,,,,,,,,,,,,,,,,,,,,,,,,,,,,,,,,,,,,,,,,,,,,,,,,,,,,,,
,N[16],9,0,9999,9999,9999,9999,0,9999,9999,9999,9999,1000000,30,90,80,87,0,0,0,0,0,0,,,,,,,,,,,,,,,,,,,,,,,,,,,,,,,,,,,,,,,,,,,,,,,,,,,,,,,,,,,,,,,
,N[17],10,0,9999,9999,9999,9999,0,9999,9999,9999,9999,1000000,30,90,80,87,0,0,0,0,0,0,,,,,,,,,,,,,,,,,,,,,,,,,,,,,,,,,,,,,,,,,,,,,,,,,,,,,,,,,,,,,,,
,,,,,,,,,,,,,,,,,,,,,,,,,,,,,,,,,,,,,,,,,,,,,,,,,,,,,,,,,,,,,,,,,,,,,,,,,,,,,,,,,,,,,,
,,,,,,,,,,,,,,,,,,,,,,,,,,,,,,,,,,,,,,,,,,,,,,,,,,,,,,,,,,,,,,,,,,,,,,,,,,,,,,,,,,,,,,
Fraction of Area Available due to seasonal flow changes,,,,,,,,,,,,,,,,,,,,,,,,,,,,,,,,,,,,,,,,,,,,,,,,,,,,,,,,,,,,,,,,,,,,,,,,,,,,,,,,,,,,,,
,,,,,,,,,,,,,,,SigmaR,SigmaR,SigmaR,SigmaR,SigmaR,SigmaR,SigmaR,SigmaR,SigmaR,SigmaR,SigmaR,SigmaR,Sigma T,Sigma T,Sigma T,Sigma T,Sigma T,Sigma T,Sigma T,Sigma T,Sigma T,Sigma T,Sigma T,Sigma T,SigmaS,SigmaS,SigmaS,SigmaS,SigmaS,SigmaS,SigmaS,SigmaS,SigmaS,SigmaS,SigmaS,SigmaS,Sigma,Sigma,Sigma,Sigma,Sigma,Sigma,Sigma,Sigma,Sigma,Sigma,Sigma,Sigma,Future Targets,Future Targets,Future Targets,Future Targets,Future Targets,Future Targets,Future Targets,Future Targets,Future Targets,Future Targets,Future Targets,Future Targets,Rate Change Parameters,Rate Change Parameters,Rate Change Parameters,Rate Change Parameters,Rate Change Parameters,Rate Change Parameters,Rate Change Parameters,Rate Change Parameters,Rate Change Parameters,Rate Change Parameters,Rate Change Parameters,Rate Change Parameters
,Life Stage ,Life Stage,Depositional,Source,Transport,HT4,HT5,HT6,HT7,HT8,HT9,HT10,HT11,HT12,Depositional,Source,Transport,HT4,HT5,HT6,HT7,HT8,HT9,HT10,HT11,HT12,Depositional,Source,Transport,HT4,HT5,HT6,HT7,HT8,HT9,HT10,HT11,HT12,Depositional,Source,Transport,HT4,HT5,HT6,HT7,HT8,HT9,HT10,HT11,HT12,Depositional,Source,Transport,HT4,HT5,HT6,HT7,HT8,HT9,HT10,HT11,HT12,Depositional,Source,Transport,HT4,HT5,HT6,HT7,HT8,HT9,HT10,HT11,HT12,Depositional,Source,Transport,HT4,HT5,HT6,HT7,HT8,HT9,HT10,HT11,HT12
,N[1],Spawner,1,1,1,1,1,1,1,1,1,1,1,1,0.01,0.01,0.01,0.01,0.01,0.01,0.01,0.01,0.01,0.01,0.01,0.01,0.01,0.01,0.01,0.01,0.01,0.01,0.01,0.01,0.01,0.01,0.01,0.01,0.01,0.01,0.01,0.01,0.01,0.01,0.01,0.01,0.01,0.01,0.01,0.01,0.01,0.01,0.01,0.01,0.01,0.01,0.01,0.01,0.01,0.01,0.01,0.01,0,0,0,0,0,0,0,0,0,0,0,0,0,0,0,0,0,0,0,0,0,0,0,0
,N[2],Egg,1,1,1,1,1,1,1,1,1,1,1,1,0.01,0.01,0.01,0.01,0.01,0.01,0.01,0.01,0.01,0.01,0.01,0.01,0.01,0.01,0.01,0.01,0.01,0.01,0.01,0.01,0.01,0.01,0.01,0.01,0.01,0.01,0.01,0.01,0.01,0.01,0.01,0.01,0.01,0.01,0.01,0.01,0.01,0.01,0.01,0.01,0.01,0.01,0.01,0.01,0.01,0.01,0.01,0.01,0,0,0,0,0,0,0,0,0,0,0,0,0,0,0,0,0,0,0,0,0,0,0,0
,N[3],Fry,1,1,1,1,1,1,1,1,1,1,1,1,0.01,0.01,0.01,0.01,0.01,0.01,0.01,0.01,0.01,0.01,0.01,0.01,0.01,0.01,0.01,0.01,0.01,0.01,0.01,0.01,0.01,0.01,0.01,0.01,0.01,0.01,0.01,0.01,0.01,0.01,0.01,0.01,0.01,0.01,0.01,0.01,0.01,0.01,0.01,0.01,0.01,0.01,0.01,0.01,0.01,0.01,0.01,0.01,0,0,0,0,0,0,0,0,0,0,0,0,0,0,0,0,0,0,0,0,0,0,0,0
,N[4],Parr,1,1,1,1,1,1,1,1,1,1,1,1,0.01,0.01,0.01,0.01,0.01,0.01,0.01,0.01,0.01,0.01,0.01,0.01,0.007,0.0025,0.0025,0.0025,0.0025,0.01,0.01,0.01,0.01,0.01,0.01,0.01,0.007,0.0025,0.0025,0.0025,0.0025,0.01,0.01,0.01,0.01,0.01,0.01,0.01,0.007,0.0025,0.0025,0.0025,0.0025,0.01,0.01,0.01,0.01,0.01,0.01,0.01,0,0,0,0,0,0,0,0,0,0,0,0,0,0,0,0,0,0,0,0,0,0,0,0
,N[5],Pre-Smolt,1,1,1,1,1,1,1,1,1,1,1,1,0.01,0.01,0.01,0.01,0.01,0.01,0.01,0.01,0.01,0.01,0.01,0.01,0.009,0.008,0.008,0.008,0.008,0.01,0.01,0.01,0.01,0.01,0.01,0.01,0.009,0.008,0.008,0.008,0.008,0.01,0.01,0.01,0.01,0.01,0.01,0.01,0.009,0.008,0.008,0.008,0.008,0.01,0.01,0.01,0.01,0.01,0.01,0.01,0,0,0,0,0,0,0,0,0,0,0,0,0,0,0,0,0,0,0,0,0,0,0,0
,,,,,,,,,,,,,,,,,,,,,,,,,,,,,,,,,,,,,,,,,,,,,,,,,,,,,,,,,,,,,,,,,,,,,,,,,,,,,,,,,,,,,,
,,,,,,,,,,,,,,,,,,,,,,,,,,,,,,,,,,,,,,,,,,,,,,,,,,,,,,,,,,,,,,,,,,,,,,,,,,,,,,,,,,,,,,
Harvest Parameters,,,,,,,,,,,,,,,,,,,,,,,,,,,,,,,,,,,,,,,,,,,,,,,,,,,,,,,,,,,,,,,,,,,,,,,,,,,,,,,,,,,,,,
,,Fraction of Harvest,SigmaR,SigmaT,SigmaS,Sigma,Future Target,Rate Parameters,,,,,,,,,,,,,,,,,,,,,,,,,,,,,,,,,,,,,,,,,,,,,,,,,,,,,,,,,,,,,,,,,,,,,,,,,,,,,,
,mu.harvest (Wild),0.07,0.001,0.001,0.001,0.001,0,0,,,,,,,,,,,,,,,,,,,,,,,,,,,,,,,,,,,,,,,,,,,,,,,,,,,,,,,,,,,,,,,,,,,,,,,,,,,,,,
,mu.harvest (Hatchery),0.3,0.01,0.001,0.001,0.001,0,0,,,,,,,,,,,,,,,,,,,,,,,,,,,,,,,,,,,,,,,,,,,,,,,,,,,,,,,,,,,,,,,,,,,,,,,,,,,,,,
,,,,,,,,,,,,,,,,,,,,,,,,,,,,,,,,,,,,,,,,,,,,,,,,,,,,,,,,,,,,,,,,,,,,,,,,,,,,,,,,,,,,,,
,,,,,,,,,,,,,,,,,,,,,,,,,,,,,,,,,,,,,,,,,,,,,,,,,,,,,,,,,,,,,,,,,,,,,,,,,,,,,,,,,,,,,,
,,,,,,,,,,,,,,,,,,,,,,,,,,,,,,,,,,,,,,,,,,,,,,,,,,,,,,,,,,,,,,,,,,,,,,,,,,,,,,,,,,,,,,
Hatchery Fish Annual Introductions,,,,,,,,,,,,,,,,,,,,,,,,,,,,,,,,,,,,,,,,,,,,,,,,,,,,,,,,,,,,,,,,,,,,,,,,,,,,,,,,,,,,,,
,Hatchery Origin Fish Introduced by Life Stage per Year,,,,,,,,,,,,,,,,,,,,,,,,,,,,,,,,,,,,,,,,,,,,,,,,,,,,,,,,,,,,,,,,,,,,,,,,,,,,,,,,,,,,,
,Fry,Parr,Presmolt,Smolt,,,,,,,,,,,,,,,,,,,,,,,,,,,,,,,,,,,,,,,,,,,,,,,,,,,,,,,,,,,,,,,,,,,,,,,,,,,,,,,,,,
,0,50000,0,0,,,,,,,,,,,,,,,,,,,,,,,,,,,,,,,,,,,,,,,,,,,,,,,,,,,,,,,,,,,,,,,,,,,,,,,,,,,,,,,,,,
,,,,,,,,,,,,,,,,,,,,,,,,,,,,,,,,,,,,,,,,,,,,,,,,,,,,,,,,,,,,,,,,,,,,,,,,,,,,,,,,,,,,,,
,,,,,,,,,,,,,,,,,,,,,,,,,,,,,,,,,,,,,,,,,,,,,,,,,,,,,,,,,,,,,,,,,,,,,,,,,,,,,,,,,,,,,,
Hatchery Effects: Relative Survival by life stage,,,,,,,,,,,,,,,,,,,,,,,,,,,,,,,,,,,,,,,,,,,,,,,,,,,,,,,,,,,,,,,,,,,,,,,,,,,,,,,,,,,,,,
,Label,Description of sub-species group,Spawner,Egg,Fry,Presmolt,Smolt,Adult (all ages),,,,,,,,,,,,,,,,,,,,,,,,,,,,,,,,,,,,,,,,,,,,,,,,,,,,,,,,,,,,,,,,,,,,,,,,,,,,,,
,N,"""Natural"", or Product of nothing w/ H1 or H2 in label",1,1,1,1,1,1,,,,,,,,,,,,,,,,,,,,,,,,,,,,,,,,,,,,,,,,,,,,,,,,,,,,,,,,,,,,,,,,,,,,,,,,,,,,,,
,H1,Hatchery Bred,0.7,0.7,0.7,0.7,0.7,0.7,,,,,,,,,,,,,,,,,,,,,,,,,,,,,,,,,,,,,,,,,,,,,,,,,,,,,,,,,,,,,,,,,,,,,,,,,,,,,,
,N.H2,Product of N and H1,0.93,0.93,0.93,0.93,0.93,0.93,,,,,,,,,,,,,,,,,,,,,,,,,,,,,,,,,,,,,,,,,,,,,,,,,,,,,,,,,,,,,,,,,,,,,,,,,,,,,,
,H2,Product of H1 and H1,0.85,0.85,0.85,0.85,0.85,0.85,,,,,,,,,,,,,,,,,,,,,,,,,,,,,,,,,,,,,,,,,,,,,,,,,,,,,,,,,,,,,,,,,,,,,,,,,,,,,,
,N-N.H3,Natural x N.H2,0.98,0.98,0.98,0.98,0.98,0.98,,,,,,,,,,,,,,,,,,,,,,,,,,,,,,,,,,,,,,,,,,,,,,,,,,,,,,,,,,,,,,,,,,,,,,,,,,,,,,
,N-H3,Natural x H2,0.96,0.96,0.96,0.96,0.96,0.96,,,,,,,,,,,,,,,,,,,,,,,,,,,,,,,,,,,,,,,,,,,,,,,,,,,,,,,,,,,,,,,,,,,,,,,,,,,,,,
,N.H3-H3,Product of N.H2 and H2,0.94,0.94,0.94,0.94,0.94,0.94,,,,,,,,,,,,,,,,,,,,,,,,,,,,,,,,,,,,,,,,,,,,,,,,,,,,,,,,,,,,,,,,,,,,,,,,,,,,,,
,N.H3-H2,Product of N.H2 and H1,0.91,0.91,0.91,0.91,0.91,0.91,,,,,,,,,,,,,,,,,,,,,,,,,,,,,,,,,,,,,,,,,,,,,,,,,,,,,,,,,,,,,,,,,,,,,,,,,,,,,,
,H3-H2,Product of H2 and H1,0.89,0.89,0.89,0.89,0.89,0.89,,,,,,,,,,,,,,,,,,,,,,,,,,,,,,,,,,,,,,,,,,,,,,,,,,,,,,,,,,,,,,,,,,,,,,,,,,,,,,
,H3,Product of H2 and H2,0.93,0.93,0.93,0.93,0.93,0.93,,,,,,,,,,,,,,,,,,,,,,,,,,,,,,,,,,,,,,,,,,,,,,,,,,,,,,,,,,,,,,,,,,,,,,,,,,,,,,
,N.H3-N.H3,product of N.H2-N.H2,0.96,0.96,0.96,0.96,0.96,0.96,,,,,,,,,,,,,,,,,,,,,,,,,,,,,,,,,,,,,,,,,,,,,,,,,,,,,,,,,,,,,,,,,,,,,,,,,,,,,,
,,,,,,,,,,,,,,,,,,,,,,,,,,,,,,,,,,,,,,,,,,,,,,,,,,,,,,,,,,,,,,,,,,,,,,,,,,,,,,,,,,,,,,
,,,,,,,,,,,,,,,,,,,,,,,,,,,,,,,,,,,,,,,,,,,,,,,,,,,,,,,,,,,,,,,,,,,,,,,,,,,,,,,,,,,,,,
Hatchery Effects: Relative Survival by life stage,,,,,,,,,,,,,,,,,,,,,,,,,,,,,,,,,,,,,,,,,,,,,,,,,,,,,,,,,,,,,,,,,,,,,,,,,,,,,,,,,,,,,,
,,,Female Fecundity by Ocean Age,,,,,,,,,,,,,,,,,,,,,,,,,,,,,,,,,,,,,,,,,,,,,,,,,,,,,,,,,,,,,,,,,,,,,,,,,,,,,,,,,,,
,Label,Description of sub-species group,1,2,3,4,5,6,7,8,9,10,,,,,,,,,,,,,,,,,,,,,,,,,,,,,,,,,,,,,,,,,,,,,,,,,,,,,,,,,,,,,,,,,,,,,,,,,,
,N,"""Natural"", or Product of nothing w/ H1 or H2 in label",2500,2500,2500,2500,2500,2500,2500,2500,2500,2500,,,,,,,,,,,,,,,,,,,,,,,,,,,,,,,,,,,,,,,,,,,,,,,,,,,,,,,,,,,,,,,,,,,,,,,,,,
,H1,Hatchery Bred,1820,1820,1820,1820,1820,1820,1820,1820,1820,1820,,,,,,,,,,,,,,,,,,,,,,,,,,,,,,,,,,,,,,,,,,,,,,,,,,,,,,,,,,,,,,,,,,,,,,,,,,
,N.H2,Product of N and H1,2418,2418,2418,2418,2418,2418,2418,2418,2418,2418,,,,,,,,,,,,,,,,,,,,,,,,,,,,,,,,,,,,,,,,,,,,,,,,,,,,,,,,,,,,,,,,,,,,,,,,,,
,H2,Product of H1 and H1,2210,2210,2210,2210,2210,2210,2210,2210,2210,2210,,,,,,,,,,,,,,,,,,,,,,,,,,,,,,,,,,,,,,,,,,,,,,,,,,,,,,,,,,,,,,,,,,,,,,,,,,
,N-N.H3,Natural x N.H2,2548,2548,2548,2548,2548,2548,2548,2548,2548,2548,,,,,,,,,,,,,,,,,,,,,,,,,,,,,,,,,,,,,,,,,,,,,,,,,,,,,,,,,,,,,,,,,,,,,,,,,,
,N-H3,Natural x H2,2496,2496,2496,2496,2496,2496,2496,2496,2496,2496,,,,,,,,,,,,,,,,,,,,,,,,,,,,,,,,,,,,,,,,,,,,,,,,,,,,,,,,,,,,,,,,,,,,,,,,,,
,N.H3-H3,Product of N.H2 and H2,2444,2444,2444,2444,2444,2444,2444,2444,2444,2444,,,,,,,,,,,,,,,,,,,,,,,,,,,,,,,,,,,,,,,,,,,,,,,,,,,,,,,,,,,,,,,,,,,,,,,,,,
,N.H3-H2,Product of N.H2 and H1,2366,2366,2366,2366,2366,2366,2366,2366,2366,2366,,,,,,,,,,,,,,,,,,,,,,,,,,,,,,,,,,,,,,,,,,,,,,,,,,,,,,,,,,,,,,,,,,,,,,,,,,
,H3-H2,Product of H2 and H1,2314,2314,2314,2314,2314,2314,2314,2314,2314,2314,,,,,,,,,,,,,,,,,,,,,,,,,,,,,,,,,,,,,,,,,,,,,,,,,,,,,,,,,,,,,,,,,,,,,,,,,,
,H3,Product of H2 and H2,2418,2418,2418,2418,2418,2418,2418,2418,2418,2418,,,,,,,,,,,,,,,,,,,,,,,,,,,,,,,,,,,,,,,,,,,,,,,,,,,,,,,,,,,,,,,,,,,,,,,,,,
,N.H3-N.H3,product of N.H2-N.H2,2496,2496,2496,2496,2496,2496,2496,2496,2496,2496,,,,,,,,,,,,,,,,,,,,,,,,,,,,,,,,,,,,,,,,,,,,,,,,,,,,,,,,,,,,,,,,,,,,,,,,,,
,,,,,,,,,,,,,,,,,,,,,,,,,,,,,,,,,,,,,,,,,,,,,,,,,,,,,,,,,,,,,,,,,,,,,,,,,,,,,,,,,,,,,,
,,,,,,,,,,,,,,,,,,,,,,,,,,,,,,,,,,,,,,,,,,,,,,,,,,,,,,,,,,,,,,,,,,,,,,,,,,,,,,,,,,,,,,
Probability of Surviving Post-Spawn for successful spawners- Anadromous (Will be zero for non-steelhead),,,Females,Females,Females,Females,Females,Females,Females,Females,Females,Females,Males,Males,Males,Males,Males,Males,Males,Males,Males,Males,,,,,,,,,,,,,,,,,,,,,,,,,,,,,,,,,,,,,,,,,,,,,,,,,,,,,,,,,,,,,,,,
,,,Ocean Age (years),,,,,,,,,,Ocean Age (years),,,,,,,,,,,,,,,,,,,,,,,,,,,,,,,,,,,,,,,,,,,,,,,,,,,,,,,,,,,,,,,,,,,,,,,,,
,Label,Description of sub-species group,1,2,3,4,5,6,7,8,9,10,1,2,3,4,5,6,7,8,9,10,,,,,,,,,,,,,,,,,,,,,,,,,,,,,,,,,,,,,,,,,,,,,,,,,,,,,,,,,,,,,,,,
,N,"""Natural"", or Product of nothing w/ H1 or H2 in label",0.5,0.5,0.5,0.5,0.5,0.5,0.5,0.5,0.5,0.5,0.1,0.1,0.1,0.1,0.1,0.1,0.1,0.1,0.1,0.1,,,,,,,,,,,,,,,,,,,,,,,,,,,,,,,,,,,,,,,,,,,,,,,,,,,,,,,,,,,,,,,,
,H1,Hatchery Bred,0.5,0.5,0.5,0.5,0.5,0.5,0.5,0.5,0.5,0.5,0.1,0.1,0.1,0.1,0.1,0.1,0.1,0.1,0.1,0.1,,,,,,,,,,,,,,,,,,,,,,,,,,,,,,,,,,,,,,,,,,,,,,,,,,,,,,,,,,,,,,,,
,N.H2,Product of N and H1,0.5,0.5,0.5,0.5,0.5,0.5,0.5,0.5,0.5,0.5,0.1,0.1,0.1,0.1,0.1,0.1,0.1,0.1,0.1,0.1,,,,,,,,,,,,,,,,,,,,,,,,,,,,,,,,,,,,,,,,,,,,,,,,,,,,,,,,,,,,,,,,
,H2,Product of H1 and H1,0.5,0.5,0.5,0.5,0.5,0.5,0.5,0.5,0.5,0.5,0.1,0.1,0.1,0.1,0.1,0.1,0.1,0.1,0.1,0.1,,,,,,,,,,,,,,,,,,,,,,,,,,,,,,,,,,,,,,,,,,,,,,,,,,,,,,,,,,,,,,,,
,N-N.H3,Natural x N.H2,0.5,0.5,0.5,0.5,0.5,0.5,0.5,0.5,0.5,0.5,0.1,0.1,0.1,0.1,0.1,0.1,0.1,0.1,0.1,0.1,,,,,,,,,,,,,,,,,,,,,,,,,,,,,,,,,,,,,,,,,,,,,,,,,,,,,,,,,,,,,,,,
,N-H3,Natural x H2,0.5,0.5,0.5,0.5,0.5,0.5,0.5,0.5,0.5,0.5,0.1,0.1,0.1,0.1,0.1,0.1,0.1,0.1,0.1,0.1,,,,,,,,,,,,,,,,,,,,,,,,,,,,,,,,,,,,,,,,,,,,,,,,,,,,,,,,,,,,,,,,
,N.H3-H3,Product of N.H2 and H2,0.5,0.5,0.5,0.5,0.5,0.5,0.5,0.5,0.5,0.5,0.1,0.1,0.1,0.1,0.1,0.1,0.1,0.1,0.1,0.1,,,,,,,,,,,,,,,,,,,,,,,,,,,,,,,,,,,,,,,,,,,,,,,,,,,,,,,,,,,,,,,,
,N.H3-H2,Product of N.H2 and H1,0.5,0.5,0.5,0.5,0.5,0.5,0.5,0.5,0.5,0.5,0.1,0.1,0.1,0.1,0.1,0.1,0.1,0.1,0.1,0.1,,,,,,,,,,,,,,,,,,,,,,,,,,,,,,,,,,,,,,,,,,,,,,,,,,,,,,,,,,,,,,,,
,H3-H2,Product of H2 and H1,0.5,0.5,0.5,0.5,0.5,0.5,0.5,0.5,0.5,0.5,0.1,0.1,0.1,0.1,0.1,0.1,0.1,0.1,0.1,0.1,,,,,,,,,,,,,,,,,,,,,,,,,,,,,,,,,,,,,,,,,,,,,,,,,,,,,,,,,,,,,,,,
,H3,Product of H2 and H2,0.5,0.5,0.5,0.5,0.5,0.5,0.5,0.5,0.5,0.5,0.1,0.1,0.1,0.1,0.1,0.1,0.1,0.1,0.1,0.1,,,,,,,,,,,,,,,,,,,,,,,,,,,,,,,,,,,,,,,,,,,,,,,,,,,,,,,,,,,,,,,,
,N.H3-N.H3,product of N.H2-N.H2,0.5,0.5,0.5,0.5,0.5,0.5,0.5,0.5,0.5,0.5,0.1,0.1,0.1,0.1,0.1,0.1,0.1,0.1,0.1,0.1,,,,,,,,,,,,,,,,,,,,,,,,,,,,,,,,,,,,,,,,,,,,,,,,,,,,,,,,,,,,,,,,
,,,,,,,,,,,,,,,,,,,,,,,,,,,,,,,,,,,,,,,,,,,,,,,,,,,,,,,,,,,,,,,,,,,,,,,,,,,,,,,,,,,,,,
Probability of Surviving Post-Spawn for successful spawners - Resident Rainbow (Will be zero for non O.mykiss species),,,Females,Females,Females,Females,Females,Females,Females,Females,Females,Females,Males,Males,Males,Males,Males,Males,Males,Males,Males,Males,,,,,,,,,,,,,,,,,,,,,,,,,,,,,,,,,,,,,,,,,,,,,,,,,,,,,,,,,,,,,,,,
,,,Years as resident pre-smolt,,,,,,,,,,Years as resident pre-smolt,,,,,,,,,,,,,,,,,,,,,,,,,,,,,,,,,,,,,,,,,,,,,,,,,,,,,,,,,,,,,,,,,,,,,,,,,
,Label,Description of sub-species group,1,2,3,4,5,6,7,8,9,10,1,2,3,4,5,6,7,8,9,10,,,,,,,,,,,,,,,,,,,,,,,,,,,,,,,,,,,,,,,,,,,,,,,,,,,,,,,,,,,,,,,,
,N,"""Natural"", or Product of nothing w/ H1 or H2 in label",0.8,0.8,0.8,0.8,0.8,0.8,0.8,0.8,0.8,0,0.2,0.3,0.3,0.3,0.3,0.3,0.3,0.3,0.3,0,,,,,,,,,,,,,,,,,,,,,,,,,,,,,,,,,,,,,,,,,,,,,,,,,,,,,,,,,,,,,,,,
,H1,Hatchery Bred,0.8,0.8,0.8,0.8,0.8,0.8,0.8,0.8,0.8,0,0.2,0.3,0.3,0.3,0.3,0.3,0.3,0.3,0.3,0,,,,,,,,,,,,,,,,,,,,,,,,,,,,,,,,,,,,,,,,,,,,,,,,,,,,,,,,,,,,,,,,
,N.H2,Product of N and H1,0.8,0.8,0.8,0.8,0.8,0.8,0.8,0.8,0.8,0,0.2,0.3,0.3,0.3,0.3,0.3,0.3,0.3,0.3,0,,,,,,,,,,,,,,,,,,,,,,,,,,,,,,,,,,,,,,,,,,,,,,,,,,,,,,,,,,,,,,,,
,H2,Product of H1 and H1,0.8,0.8,0.8,0.8,0.8,0.8,0.8,0.8,0.8,0,0.2,0.3,0.3,0.3,0.3,0.3,0.3,0.3,0.3,0,,,,,,,,,,,,,,,,,,,,,,,,,,,,,,,,,,,,,,,,,,,,,,,,,,,,,,,,,,,,,,,,
,N-N.H3,Natural x N.H2,0.8,0.8,0.8,0.8,0.8,0.8,0.8,0.8,0.8,0,0.2,0.3,0.3,0.3,0.3,0.3,0.3,0.3,0.3,0,,,,,,,,,,,,,,,,,,,,,,,,,,,,,,,,,,,,,,,,,,,,,,,,,,,,,,,,,,,,,,,,
,N-H3,Natural x H2,0.8,0.8,0.8,0.8,0.8,0.8,0.8,0.8,0.8,0,0.2,0.3,0.3,0.3,0.3,0.3,0.3,0.3,0.3,0,,,,,,,,,,,,,,,,,,,,,,,,,,,,,,,,,,,,,,,,,,,,,,,,,,,,,,,,,,,,,,,,
,N.H3-H3,Product of N.H2 and H2,0.8,0.8,0.8,0.8,0.8,0.8,0.8,0.8,0.8,0,0.2,0.3,0.3,0.3,0.3,0.3,0.3,0.3,0.3,0,,,,,,,,,,,,,,,,,,,,,,,,,,,,,,,,,,,,,,,,,,,,,,,,,,,,,,,,,,,,,,,,
,N.H3-H2,Product of N.H2 and H1,0.8,0.8,0.8,0.8,0.8,0.8,0.8,0.8,0.8,0,0.2,0.3,0.3,0.3,0.3,0.3,0.3,0.3,0.3,0,,,,,,,,,,,,,,,,,,,,,,,,,,,,,,,,,,,,,,,,,,,,,,,,,,,,,,,,,,,,,,,,
,H3-H2,Product of H2 and H1,0.8,0.8,0.8,0.8,0.8,0.8,0.8,0.8,0.8,0,0.2,0.3,0.3,0.3,0.3,0.3,0.3,0.3,0.3,0,,,,,,,,,,,,,,,,,,,,,,,,,,,,,,,,,,,,,,,,,,,,,,,,,,,,,,,,,,,,,,,,
,H3,Product of H2 and H2,0.8,0.8,0.8,0.8,0.8,0.8,0.8,0.8,0.8,0,0.2,0.3,0.3,0.3,0.3,0.3,0.3,0.3,0.3,0,,,,,,,,,,,,,,,,,,,,,,,,,,,,,,,,,,,,,,,,,,,,,,,,,,,,,,,,,,,,,,,,
,N.H3-N.H3,product of N.H2-N.H2,0.8,0.8,0.8,0.8,0.8,0.8,0.8,0.8,0.8,0,0.2,0.3,0.3,0.3,0.3,0.3,0.3,0.3,0.3,0,,,,,,,,,,,,,,,,,,,,,,,,,,,,,,,,,,,,,,,,,,,,,,,,,,,,,,,,,,,,,,,,
